{"cameraMode":{"drawMode":0,"name":"Shaded","section":"Shading Mode"},"sceneLighting":false,"audioPlay":false,"sceneViewState":{"m_AlwaysRefresh":false,"showFog":true,"showSkybox":false,"showFlares":true,"showImageEffects":true,"showParticleSystems":true,"showVisualEffectGraphs":true,"m_FxEnabled":true},"in2DMode":false,"pivot":{"x":-1.0334111452102662,"y":0.1564892828464508,"z":0.5695911645889282},"rotation":{"x":0.06769993901252747,"y":0.8101249933242798,"z":-0.09547389298677445,"w":0.574452817440033},"size":0.3590264916419983,"orthographic":false}