{"cameraMode":{"drawMode":0,"name":"Shaded","section":"Shading Mode"},"sceneLighting":false,"audioPlay":false,"sceneViewState":{"m_AlwaysRefresh":false,"showFog":true,"showSkybox":false,"showFlares":true,"showImageEffects":true,"showParticleSystems":true,"showVisualEffectGraphs":true,"m_FxEnabled":true},"in2DMode":false,"pivot":{"x":0.8363586664199829,"y":0.5744574666023254,"z":4.209423542022705},"rotation":{"x":0.05667869374155998,"y":-0.9029141068458557,"z":0.12568096816539765,"w":0.40712711215019228},"size":0.8660253882408142,"orthographic":false}